base-files	13.8+deb13u7	amd64	base-files_13.8+deb13u7_amd64.deb	fcd42bb5cb63f7bfc4326a92541247872206d60a192fdff65ca14eb83ed408b9
base-passwd	3.6.7	amd64	base-passwd_3.6.7_amd64.deb	cf31c6956ab5f65815d9d9ea1615c4f78ecd2893c31119658248a4756cee83e7
bash	5.2.37-2+b10	amd64	bash_5.2.37-2+b10_amd64.deb	2fd7b04f1b7caa29c4e683f5216e6af354a41e3cdcf6e75394d7cda680f9ab82
bsdutils	1:2.41.5-0+deb13u1	amd64	bsdutils_1%3a2.41.5-0+deb13u1_amd64.deb	d935a5102752a1108bdf1e815c89a84ac88d1949bf049a784178f946a09b14da
coreutils	9.7-3	amd64	coreutils_9.7-3_amd64.deb	1299ab6f9389a288eb2f5f3dd222c26cc777b9a2d5ecb6ee4cbd340cebcdada2
dash	0.5.12-12	amd64	dash_0.5.12-12_amd64.deb	a8902cb6d8650134764a25fb80aec8589d858ef71ece1680a62e84816c37bb04
debconf	1.5.91	all	debconf_1.5.91_all.deb	1ddc7e6c5925f748eefb7ca811d98e049f18c158bb21fbc7e122262ce6011e49
debianutils	5.23.2	amd64	debianutils_5.23.2_amd64.deb	720e43fda316676076498b4224ad3318049deafe60cc7c601011048de03ee97d
diffutils	1:3.10-4	amd64	diffutils_1%3a3.10-4_amd64.deb	d3412669f7ae53ba895c3a509620ea7494ec1a36faa204c5215442ced381a479
dpkg	1.22.22	amd64	dpkg_1.22.22_amd64.deb	3e800c6d75e8e709007ed1c356e5fa8509a75c1694fb0a1183709abc9cfdc1f3
findutils	4.10.0-3	amd64	findutils_4.10.0-3_amd64.deb	3edf02b016456b6a98cefdbab99c5ce6f829b786f63affe970badea221aecfc7
gcc-14-base	14.2.0-19	amd64	gcc-14-base_14.2.0-19_amd64.deb	5b6825de4263824b78c4c51f6476414f3b4e89c2ab63e81dc8b9b5501e867cf6
grep	3.11-4	amd64	grep_3.11-4_amd64.deb	2d78ed07d86a530ebf538f05cb2415f37c8daf908596bc32fc2563cc7e88c55a
gzip	1.13-1+deb13u1	amd64	gzip_1.13-1+deb13u1_amd64.deb	74cf12212beee4ab8d473bdc0107abf9e8cef737492198e2f4944a19f142b0ac
hostname	3.25	amd64	hostname_3.25_amd64.deb	9c2a27e5d4d87137211fe46631b05b2ee8892ec76aae926304e4485ba02e1015
init-system-helpers	1.69~deb13u1	all	init-system-helpers_1.69~deb13u1_all.deb	addf78073e1cbc5a5508937e11d2571055e29835e00ee8fab52a66775649378f
libacl1	2.3.2-2+b1	amd64	libacl1_2.3.2-2+b1_amd64.deb	08074f01e384bc07c0c2d79a58cf4a6523f71cf75d1808101c79617656c9a39d
libattr1	1:2.5.2-3	amd64	libattr1_1%3a2.5.2-3_amd64.deb	606b5ee12ea2786be607a17f40c1fb5e65c76ceaff66665bdf8f8c6c1b71d1fb
libaudit-common	1:4.0.2-2+deb13u1	all	libaudit-common_1%3a4.0.2-2+deb13u1_all.deb	b9d32e5ff04fd747aacb7d6b3ebbbbf734ddefb2f1695f0b1b2a4b5e51b1052e
libaudit1	1:4.0.2-2+deb13u1	amd64	libaudit1_1%3a4.0.2-2+deb13u1_amd64.deb	3d1dd3f031a56f01b747e2acc0e14575212580e6fa63d800c44cb0a31f1edfd7
libblkid1	2.41.5-0+deb13u1	amd64	libblkid1_2.41.5-0+deb13u1_amd64.deb	81535f3c2c0efc732965907c8749103a0a26377c761622c9ce39b4c92dcde52f
libbz2-1.0	1.0.8-6	amd64	libbz2-1.0_1.0.8-6_amd64.deb	cba4cda04244b5e481bb15524bc3c983a7d1b6f330013b9b381706a2fcb65310
libc-bin	2.41-12+deb13u4	amd64	libc-bin_2.41-12+deb13u4_amd64.deb	dc8c79647fe3a5f37f72a400414f70263d0212f010ff2c09f990e30d91e38d1c
libc6	2.41-12+deb13u4	amd64	libc6_2.41-12+deb13u4_amd64.deb	967aa62605721081c3eb2a17650611a792aa802d76a6511d1840242623d204c9
libcap-ng0	0.8.5-4+b1	amd64	libcap-ng0_0.8.5-4+b1_amd64.deb	20a9e4b0619a3eb2566338223bed135dde5a601eaa2f8fdd5f20b94506addcac
libcap2	1:2.75-10+deb13u1+b3	amd64	libcap2_1%3a2.75-10+deb13u1+b3_amd64.deb	89fc4d34fc7a28ad6f0fcd0c561ab253b9dedf6f77f5a000b47c276c8295bf67
libcrypt1	1:4.4.38-1	amd64	libcrypt1_1%3a4.4.38-1_amd64.deb	0ebc144d662e3197982d1bf3a7b8b35ca845e54c68811de0328b1f0d7c67585c
libdb5.3t64	5.3.28+dfsg2-9	amd64	libdb5.3t64_5.3.28+dfsg2-9_amd64.deb	18d02510ee78b67e4504ba050176797a200ff24214a7cd318082ab60ad7bf3fc
libdebconfclient0	0.280	amd64	libdebconfclient0_0.280_amd64.deb	25acadc8b394bc86d05df16e70975e523f8f839a7d8d6d5e22c1cafdcef741aa
libgcc-s1	14.2.0-19	amd64	libgcc-s1_14.2.0-19_amd64.deb	3c71917b490d1a17aed43196a2787a256ecf060526cdb20216a74bedc061b150
libgmp10	2:6.3.0+dfsg-3	amd64	libgmp10_2%3a6.3.0+dfsg-3_amd64.deb	d0d0265eb01770f17afd0f7c8c0622f80479dcfbbe13653a0debeec61464e622
liblastlog2-2	2.41.5-0+deb13u1	amd64	liblastlog2-2_2.41.5-0+deb13u1_amd64.deb	abb76aecbf51479e6e193873dfddaa1b88667dc0b1db82a11286a67550ba1557
liblzma5	5.8.1-1+deb13u1	amd64	liblzma5_5.8.1-1+deb13u1_amd64.deb	1cfcc6e0dc36f438a79b6e2189facdb9d150b08f57d190a60e01c98075c7f896
libmd0	1.1.0-2+b1	amd64	libmd0_1.1.0-2+b1_amd64.deb	7244ec3839b61fac0c1884fe08aaa040f26e8f1f35f1f5d3482eacefd30d1b44
libmount1	2.41.5-0+deb13u1	amd64	libmount1_2.41.5-0+deb13u1_amd64.deb	6d00f45f2e80e078e906e3eedecd3ba6913e39fef49bff361ee583f17f00ec05
libpam-modules	1.7.0-5	amd64	libpam-modules_1.7.0-5_amd64.deb	9679ade117f8775ac0471f48a92652ab8e8dcda4e2ff06de75158cded9cfd83c
libpam-modules-bin	1.7.0-5	amd64	libpam-modules-bin_1.7.0-5_amd64.deb	cc72066d008444317738e8e931d6131b301466b4e2dd5ef5baa75fb1a45d61a7
libpam-runtime	1.7.0-5	all	libpam-runtime_1.7.0-5_all.deb	b02792c9ed6174db695a653b95ef3629fdac3a73ba1eff1754ab161b5711bfbf
libpam0g	1.7.0-5	amd64	libpam0g_1.7.0-5_amd64.deb	4f5bde27d8df2de6ea8990319b42d9974f56a3ba9907ce7296fd0f8964fc9fb1
libpcre2-8-0	10.46-1~deb13u3	amd64	libpcre2-8-0_10.46-1~deb13u3_amd64.deb	e226f661d918f04daf38cdbc4806b7ed7d6ef95c7eb0ade692fc350e31970040
libselinux1	3.8.1-1	amd64	libselinux1_3.8.1-1_amd64.deb	68bb8d32bd8d6d7d2f5952a169db03d1484b46ae1e52abccdec42a19dccea5d5
libsmartcols1	2.41.5-0+deb13u1	amd64	libsmartcols1_2.41.5-0+deb13u1_amd64.deb	d96bac9c8805685f2734885098a214b82950da6ebb182c27a6b7a124a0323392
libsqlite3-0	3.46.1-7+deb13u2	amd64	libsqlite3-0_3.46.1-7+deb13u2_amd64.deb	0a459adaffd901109f7811ab65f58e7a957b4907d05539cf3d1184efdcde0468
libssl3t64	3.5.7-1~deb13u3	amd64	libssl3t64_3.5.7-1~deb13u3_amd64.deb	ff16bc048bcd7d1b256094450b79c77947d8e76fe2a24bd99b91021d591fa074
libsystemd0	257.13-1~deb13u1	amd64	libsystemd0_257.13-1~deb13u1_amd64.deb	ab0d4127b5e46e6f8c015a1db15a62ba9ae274cdefa150083adf90ada0600ea1
libtinfo6	6.5+20250216-2	amd64	libtinfo6_6.5+20250216-2_amd64.deb	8b9f6a7983e9418564e48a627518de4c03917b56efe68d7f3e93bd8fffa1cc10
libudev1	257.13-1~deb13u1	amd64	libudev1_257.13-1~deb13u1_amd64.deb	5d41c284f5a93b05bc7d648b61a02dd2bb9ff05b2261ad1a8b7d96044a0cfa88
libuuid1	2.41.5-0+deb13u1	amd64	libuuid1_2.41.5-0+deb13u1_amd64.deb	c1bf4c4c3ff48c57fabf93307dfb56996b60cfa33927afc4158b5db36fb2721e
libzstd1	1.5.7+dfsg-1	amd64	libzstd1_1.5.7+dfsg-1_amd64.deb	2f6a2aeacfc925eba8b00ac9139bc4bfccf8cacb09eb93de067074b26948eef9
mawk	1.3.4.20250131-1	amd64	mawk_1.3.4.20250131-1_amd64.deb	ade14470c4dff8921bca6ca8b1ea20eadc0f2178b48caff3c74534b17a633292
ncurses-base	6.5+20250216-2	all	ncurses-base_6.5+20250216-2_all.deb	190e775260a38973c415a36ae99f33ad1b37ea6ca99929d7c5d53843fc23e914
ncurses-bin	6.5+20250216-2	amd64	ncurses-bin_6.5+20250216-2_amd64.deb	40a525f4761e9ed4b8adcd1783cb9a6467ff8008215ae99b3597825bdefc61e4
openssl-provider-legacy	3.5.7-1~deb13u3	amd64	openssl-provider-legacy_3.5.7-1~deb13u3_amd64.deb	c12e0266c4780749a4702b8959ac979689f4182e18eed85a8a5eb90ed0e16eab
perl-base	5.40.1-6+deb13u1	amd64	perl-base_5.40.1-6+deb13u1_amd64.deb	b795464137a0f4d443fc9284f4b93e883fb83883cb533adf300ac660807a352a
sed	4.9-2+deb13u1	amd64	sed_4.9-2+deb13u1_amd64.deb	7071270ed4f6adda55bc4f926347fb847bacaffbdee3dff917bc6006ed7e3775
sysvinit-utils	3.14-4	amd64	sysvinit-utils_3.14-4_amd64.deb	c7e957360dff89675b491e501b00047cf750695178cabab167c92fc260d358ec
tar	1.35+dfsg-3.1	amd64	tar_1.35+dfsg-3.1_amd64.deb	214c02e1aa291076a3147b8a4c4cae02fadf4c67df629186e3e313726faef1de
util-linux	2.41.5-0+deb13u1	amd64	util-linux_2.41.5-0+deb13u1_amd64.deb	7d5b1176cc3d8cc6b290b3ec17af458f362d9200845f30da22057a8198744430
zlib1g	1:1.3.dfsg+really1.3.1-1+b1	amd64	zlib1g_1.3.dfsg+really1.3.1-1+b1_amd64.deb	015be740d6236ad114582dea500c1d907f29e16d6db00566ca32fb68d71ac90d
