adduser	3.152	all	adduser_3.152_all.deb	e50984d2e1ef6300e3fd51303839842189a077b10cb5cadff1923df10c61c493
apt	3.0.3	amd64	apt_3.0.3_amd64.deb	55e341fbe92d7502c98faf1b3c235393ea0744db119cf2173603e965b658aef4
base-files	13.8+deb13u7	amd64	base-files_13.8+deb13u7_amd64.deb	fcd42bb5cb63f7bfc4326a92541247872206d60a192fdff65ca14eb83ed408b9
base-passwd	3.6.7	amd64	base-passwd_3.6.7_amd64.deb	cf31c6956ab5f65815d9d9ea1615c4f78ecd2893c31119658248a4756cee83e7
bash	5.2.37-2+b10	amd64	bash_5.2.37-2+b10_amd64.deb	2fd7b04f1b7caa29c4e683f5216e6af354a41e3cdcf6e75394d7cda680f9ab82
ca-certificates	20250419	all	ca-certificates_20250419_all.deb	ef590f89563aa4b46c8260d49d1cea0fc1b181d19e8df3782694706adf05c184
coreutils	9.7-3	amd64	coreutils_9.7-3_amd64.deb	1299ab6f9389a288eb2f5f3dd222c26cc777b9a2d5ecb6ee4cbd340cebcdada2
curl	8.14.1-2+deb13u5	amd64	curl_8.14.1-2+deb13u5_amd64.deb	ebb7e0cbe30ad23bce0d28a848ccfeb9b73b82817eb4fe12fa20d2845f62dc73
dash	0.5.12-12	amd64	dash_0.5.12-12_amd64.deb	a8902cb6d8650134764a25fb80aec8589d858ef71ece1680a62e84816c37bb04
dbus-bin	1.16.2-2	amd64	dbus-bin_1.16.2-2_amd64.deb	a7c0785f89d3763bb83e2912237135a7d1c610e06f487c39b1d6408e88d46fb5
dbus-daemon	1.16.2-2	amd64	dbus-daemon_1.16.2-2_amd64.deb	c91558cbd019bd5ec3e9fde0084976d5f61977f4ef0a9ed1ff48fe3a129b91d4
dbus-session-bus-common	1.16.2-2	all	dbus-session-bus-common_1.16.2-2_all.deb	98bd27836c7170839ed9c84b00daad9ed7155bd3d42e3f0ec3faf497aafa5f5f
dbus-system-bus-common	1.16.2-2	all	dbus-system-bus-common_1.16.2-2_all.deb	262e9ec8aae4e38bfa341648f9498b29280a81458601e1c265a36a24771d120a
dbus	1.16.2-2	amd64	dbus_1.16.2-2_amd64.deb	f5c47639614324dac9a4c0baf5081676f698f815dd846060952b1d2e6e50f274
debconf	1.5.91	all	debconf_1.5.91_all.deb	1ddc7e6c5925f748eefb7ca811d98e049f18c158bb21fbc7e122262ce6011e49
debian-archive-keyring	2025.1	all	debian-archive-keyring_2025.1_all.deb	9ea7778e443144ca490668737a8ab22dd3e748bb99e805e22ec055abeb3c7fac
debianutils	5.23.2	amd64	debianutils_5.23.2_amd64.deb	720e43fda316676076498b4224ad3318049deafe60cc7c601011048de03ee97d
diffutils	1:3.10-4	amd64	diffutils_1%3a3.10-4_amd64.deb	d3412669f7ae53ba895c3a509620ea7494ec1a36faa204c5215442ced381a479
dpkg	1.22.22	amd64	dpkg_1.22.22_amd64.deb	3e800c6d75e8e709007ed1c356e5fa8509a75c1694fb0a1183709abc9cfdc1f3
findutils	4.10.0-3	amd64	findutils_4.10.0-3_amd64.deb	3edf02b016456b6a98cefdbab99c5ce6f829b786f63affe970badea221aecfc7
fontconfig-config	2.15.0-2.3	amd64	fontconfig-config_2.15.0-2.3_amd64.deb	0475c00d02660c07a15085051818625331bb502e053242106aaaa1f2ddb41225
fontconfig	2.15.0-2.3	amd64	fontconfig_2.15.0-2.3_amd64.deb	09794b188e042c90b4a89fcb5afeb276bc231b74ddf8a3efbbc7dfb6f0eac4cb
fonts-dejavu-core	2.37-8	all	fonts-dejavu-core_2.37-8_all.deb	86635b3d25b3655fc11cb3ecc3af59f0bf19643b02b94f2de48bd10253cdba12
fonts-dejavu-mono	2.37-8	all	fonts-dejavu-mono_2.37-8_all.deb	3003e98a5debfdeadc7040a7f715fe9fe6fb67f68deacf6049b54e30f07fc014
gcc-14-base	14.2.0-19	amd64	gcc-14-base_14.2.0-19_amd64.deb	5b6825de4263824b78c4c51f6476414f3b4e89c2ab63e81dc8b9b5501e867cf6
git-man	1:2.47.3-0+deb13u1	all	git-man_1%3a2.47.3-0+deb13u1_all.deb	b58306b60e1dff920e1e18bc7e1e499f2ef75184190ab3d98657b165969bf7c9
git	1:2.47.3-0+deb13u1	amd64	git_1%3a2.47.3-0+deb13u1_amd64.deb	3e35662fd5c46add561703e54031a1d8ad9df45811927689f0a51122b13be722
grep	3.11-4	amd64	grep_3.11-4_amd64.deb	2d78ed07d86a530ebf538f05cb2415f37c8daf908596bc32fc2563cc7e88c55a
gzip	1.13-1+deb13u1	amd64	gzip_1.13-1+deb13u1_amd64.deb	74cf12212beee4ab8d473bdc0107abf9e8cef737492198e2f4944a19f142b0ac
init-system-helpers	1.69~deb13u1	all	init-system-helpers_1.69~deb13u1_all.deb	addf78073e1cbc5a5508937e11d2571055e29835e00ee8fab52a66775649378f
kpackagetool6	6.13.0-1	amd64	kpackagetool6_6.13.0-1_amd64.deb	33a34854cee70f56e3c5eac765c3165721fc7fa07278f6035d90ee6b37f53b26
layer-shell-qt	6.3.4-1	amd64	layer-shell-qt_6.3.4-1_amd64.deb	344b11ad26626227429ebee856771b21f8d810441cf0042841901b19846edd84
libacl1	2.3.2-2+b1	amd64	libacl1_2.3.2-2+b1_amd64.deb	08074f01e384bc07c0c2d79a58cf4a6523f71cf75d1808101c79617656c9a39d
libapparmor1	4.1.0-1	amd64	libapparmor1_4.1.0-1_amd64.deb	4158976c77038b93021967f425b4cc505df18c4f5e3f444732399e7ed4af4419
libapt-pkg7.0	3.0.3	amd64	libapt-pkg7.0_3.0.3_amd64.deb	fdcc9f780c7de466c7f0038e6e242c73cb63c8f9fe2781a3185a2c810984ab0a
libatomic1	14.2.0-19	amd64	libatomic1_14.2.0-19_amd64.deb	212b399aae2f7299203d261a57e49372e09565a9a5ea971905f94a3960366c05
libattr1	1:2.5.2-3	amd64	libattr1_1%3a2.5.2-3_amd64.deb	606b5ee12ea2786be607a17f40c1fb5e65c76ceaff66665bdf8f8c6c1b71d1fb
libaudit-common	1:4.0.2-2+deb13u1	all	libaudit-common_1%3a4.0.2-2+deb13u1_all.deb	b9d32e5ff04fd747aacb7d6b3ebbbbf734ddefb2f1695f0b1b2a4b5e51b1052e
libaudit1	1:4.0.2-2+deb13u1	amd64	libaudit1_1%3a4.0.2-2+deb13u1_amd64.deb	3d1dd3f031a56f01b747e2acc0e14575212580e6fa63d800c44cb0a31f1edfd7
libb2-1	0.98.1-1.1+b2	amd64	libb2-1_0.98.1-1.1+b2_amd64.deb	66bc1be2bffaa14efd2633d357ebb8672096aab63bcd38fc12e7b37183d956c9
libblkid1	2.41.5-0+deb13u1	amd64	libblkid1_2.41.5-0+deb13u1_amd64.deb	81535f3c2c0efc732965907c8749103a0a26377c761622c9ce39b4c92dcde52f
libbrotli1	1.1.0-2+b7	amd64	libbrotli1_1.1.0-2+b7_amd64.deb	0fb79f88db210afbd69282ab9649e525f393ec6950ca34da1a6b359250b8d7db
libbsd0	0.12.2-2	amd64	libbsd0_0.12.2-2_amd64.deb	e5a85986fa6bec3307ab1bc860736b478b331882bc45e17675a7bdf88eecb43a
libbz2-1.0	1.0.8-6	amd64	libbz2-1.0_1.0.8-6_amd64.deb	cba4cda04244b5e481bb15524bc3c983a7d1b6f330013b9b381706a2fcb65310
libc-bin	2.41-12+deb13u4	amd64	libc-bin_2.41-12+deb13u4_amd64.deb	dc8c79647fe3a5f37f72a400414f70263d0212f010ff2c09f990e30d91e38d1c
libc6	2.41-12+deb13u4	amd64	libc6_2.41-12+deb13u4_amd64.deb	967aa62605721081c3eb2a17650611a792aa802d76a6511d1840242623d204c9
libcap-ng0	0.8.5-4+b1	amd64	libcap-ng0_0.8.5-4+b1_amd64.deb	20a9e4b0619a3eb2566338223bed135dde5a601eaa2f8fdd5f20b94506addcac
libcap2	1:2.75-10+deb13u1+b3	amd64	libcap2_1%3a2.75-10+deb13u1+b3_amd64.deb	89fc4d34fc7a28ad6f0fcd0c561ab253b9dedf6f77f5a000b47c276c8295bf67
libcom-err2	1.47.2-3+b12	amd64	libcom-err2_1.47.2-3+b12_amd64.deb	bd43e020b8fed399db3eebf098111f10fba4c436fff99ccad72cc7e27c9764ec
libcrypt1	1:4.4.38-1	amd64	libcrypt1_1%3a4.4.38-1_amd64.deb	0ebc144d662e3197982d1bf3a7b8b35ca845e54c68811de0328b1f0d7c67585c
libcurl3t64-gnutls	8.14.1-2+deb13u5	amd64	libcurl3t64-gnutls_8.14.1-2+deb13u5_amd64.deb	19da93544615a4c9a3d7df473f5bf8ebca99442454622e9b0460168dadf7b8ae
libcurl4t64	8.14.1-2+deb13u5	amd64	libcurl4t64_8.14.1-2+deb13u5_amd64.deb	0dedddfe614fc4a4335c9167b73c64a50136edd76b7991aa851408d0795163eb
libdb5.3t64	5.3.28+dfsg2-9	amd64	libdb5.3t64_5.3.28+dfsg2-9_amd64.deb	18d02510ee78b67e4504ba050176797a200ff24214a7cd318082ab60ad7bf3fc
libdbus-1-3	1.16.2-2	amd64	libdbus-1-3_1.16.2-2_amd64.deb	bbcb711daff7e104b5f80f9b05475b6142674bfe65518a36a56e96a91068a3f5
libdebconfclient0	0.280	amd64	libdebconfclient0_0.280_amd64.deb	25acadc8b394bc86d05df16e70975e523f8f839a7d8d6d5e22c1cafdcef741aa
libdeflate0	1.23-2	amd64	libdeflate0_1.23-2_amd64.deb	5fe37fb79d53f5c91da6ba3ac4c1a8453e1f2b1ff0e0ea45189c5338bbfdbf82
libdouble-conversion3	3.3.1-1	amd64	libdouble-conversion3_3.3.1-1_amd64.deb	bd43b8c185a78d108548b30da6a695aabb6644ce0dd266892da2d10cfe471067
libdrm-amdgpu1	2.4.124-2	amd64	libdrm-amdgpu1_2.4.124-2_amd64.deb	c1d97a5e32e2bc68e833b8abeae026b6306198e87ee4396a7ffecd4779caefbf
libdrm-common	2.4.124-2	all	libdrm-common_2.4.124-2_all.deb	9a8a6c65c165e9964f106fb4ac710959b5d33e0790227e3ab6b27c4742d1254a
libdrm-intel1	2.4.124-2	amd64	libdrm-intel1_2.4.124-2_amd64.deb	188ab1fd74c838b3c8055d62107351e16a4bb7a25d39c30bbb9aac30ddd37238
libdrm2	2.4.124-2	amd64	libdrm2_2.4.124-2_amd64.deb	fe2276901c7cd7b8079de63072d37fe1cbeb4eb001a3bc1f1d662ad89aa0890e
libduktape207	2.7.0-2+b2	amd64	libduktape207_2.7.0-2+b2_amd64.deb	2d92606f49cf79e23fb4ea67ab7702d52e016a671d32edc51482c4f1e3bade7c
libedit2	3.1-20250104-1	amd64	libedit2_3.1-20250104-1_amd64.deb	b002ea172b9c1e34a67bc497c523c67bb74c3f0a4e98113cb083990a1f1d3bfe
libegl-mesa0	25.0.7-2+deb13u1	amd64	libegl-mesa0_25.0.7-2+deb13u1_amd64.deb	0ddebd7e91b048aac812611d6bd008343386cb140b51e5e66df74c6b6263be65
libegl1	1.7.0-1+b2	amd64	libegl1_1.7.0-1+b2_amd64.deb	62e7bc8ccd47a60e55aad17f83d8d474310d782eb8589bbce2ab714c31712406
libelf1t64	0.192-4	amd64	libelf1t64_0.192-4_amd64.deb	94497b7e17b6f574a0605b380d454e20d3f01a9c63b70c2a2263f679d30053e1
liberror-perl	0.17030-1	all	liberror-perl_0.17030-1_all.deb	06110a972bdc52f6c6d6615dddbe97f836c61d0e36c685ef4107c2eaa81f871f
libevdev2	1.13.4+dfsg-1	amd64	libevdev2_1.13.4+dfsg-1_amd64.deb	02e85fb9461b85b23f775d5fcf5a31c55d37bec40b63fd98ca5d3a2763714ae7
libexpat1	2.8.3-1~deb13u1	amd64	libexpat1_2.8.3-1~deb13u1_amd64.deb	38abe0e710a07688e9c149d74536e67cfee0364bdb64dd6d644c32a1cfad389f
libffi8	3.4.8-2	amd64	libffi8_3.4.8-2_amd64.deb	0ebdc340de33333639c3c63874cd4b15ac2e83dfa1ef3053b7eefaf4919f4f68
libfontconfig1	2.15.0-2.3	amd64	libfontconfig1_2.15.0-2.3_amd64.deb	7ae91ec59857cc8e375eb2bdd371a4a69daea38f7787d06d474a847867d852b1
libfreetype6	2.13.3+dfsg-1+deb13u1	amd64	libfreetype6_2.13.3+dfsg-1+deb13u1_amd64.deb	e4947f3291528f03d574f2b01d5c5fc45c58c47480f32888a5cdf0f231ab584e
libgbm1	25.0.7-2+deb13u1	amd64	libgbm1_25.0.7-2+deb13u1_amd64.deb	31fb6d76b9ceaf13848fa617df53f85f62626b4fe7464a93811c720af6d5f2dd
libgcc-s1	14.2.0-19	amd64	libgcc-s1_14.2.0-19_amd64.deb	3c71917b490d1a17aed43196a2787a256ecf060526cdb20216a74bedc061b150
libgdbm-compat4t64	1.24-2	amd64	libgdbm-compat4t64_1.24-2_amd64.deb	2cbd43cf2dfbf57ff48188b5d79d29cf7ea8f0dedaa61ab0bcc02eceff50ea01
libgdbm6t64	1.24-2	amd64	libgdbm6t64_1.24-2_amd64.deb	e7b42c68c391e278733adb3c1efdacd24d660862bd7bac0efbc10a91e5696dfc
libgdk-pixbuf-2.0-0	2.42.12+dfsg-4+deb13u1	amd64	libgdk-pixbuf-2.0-0_2.42.12+dfsg-4+deb13u1_amd64.deb	94150fb955b2d3a9a5e054e31c5a4b048bad4a479207e86cde46fbc975c838b4
libgdk-pixbuf2.0-common	2.42.12+dfsg-4+deb13u1	all	libgdk-pixbuf2.0-common_2.42.12+dfsg-4+deb13u1_all.deb	9f0c64e33cf5bb3226a5a6ddf630dd76530596e476e6b47a8b27da444ff43a03
libgl1-mesa-dri	25.0.7-2+deb13u1	amd64	libgl1-mesa-dri_25.0.7-2+deb13u1_amd64.deb	722fad9944bdfd29eb6421576331a2697f83bc4b3551d693edb7aefdde6bb198
libglib2.0-0t64	2.84.4-3~deb13u5	amd64	libglib2.0-0t64_2.84.4-3~deb13u5_amd64.deb	e2baf92c57d1db1753e5781a61450d9a01e7833c7bd2dfe87776a6811c11ecc2
libglvnd0	1.7.0-1+b2	amd64	libglvnd0_1.7.0-1+b2_amd64.deb	887f74008166549ce9e100c906aa937e95d6e5ce1c8d86efe8c95fd953359b9c
libglx-mesa0	25.0.7-2+deb13u1	amd64	libglx-mesa0_25.0.7-2+deb13u1_amd64.deb	2e6ab57de9931e890621d3ade04213b06e7142a4ae8a72a1756c44d0271aaeb7
libglx0	1.7.0-1+b2	amd64	libglx0_1.7.0-1+b2_amd64.deb	2721fdca0fe3bd963cb39482eabc253af52b88f4a7f6dbb69e475549daf5af3b
libgmp10	2:6.3.0+dfsg-3	amd64	libgmp10_2%3a6.3.0+dfsg-3_amd64.deb	d0d0265eb01770f17afd0f7c8c0622f80479dcfbbe13653a0debeec61464e622
libgnutls30t64	3.8.9-3+deb13u4	amd64	libgnutls30t64_3.8.9-3+deb13u4_amd64.deb	18a8bdfd91c7e3bcb01719d55a2b56849c7160b34f1f52b1c4fdfdd41bf1352b
libgomp1	14.2.0-19	amd64	libgomp1_14.2.0-19_amd64.deb	72b7a1a33c48f3195efeb044111b34ae684b1e640bb6495c832443b798601cd5
libgraphite2-3	1.3.14-2+deb13u1	amd64	libgraphite2-3_1.3.14-2+deb13u1_amd64.deb	1769ba3ed3c1fc75b7fbe02678e32aa24391205813eceef4e1e3500015d12ee3
libgssapi-krb5-2	1.21.3-5+deb13u1	amd64	libgssapi-krb5-2_1.21.3-5+deb13u1_amd64.deb	30847c1fde4240567d7ed3aeab4f655dd591203758b857e85e824045aae70299
libgudev-1.0-0	238-6	amd64	libgudev-1.0-0_238-6_amd64.deb	890a55ea26f52062f377389e6326abeadb72a14741c95ab6a1c5a19c77c3c3d0
libharfbuzz0b	10.2.0-1+deb13u1	amd64	libharfbuzz0b_10.2.0-1+deb13u1_amd64.deb	932165b933e5eb633293afe984a983ebe89cb27c923ce7208626f1da6c0c7941
libhogweed6t64	3.10.1-1	amd64	libhogweed6t64_3.10.1-1_amd64.deb	b059ed155115ac09da295322de48ee1ed58ef5fa45edcc9e12ff0e94636ef25f
libice6	2:1.1.1-1	amd64	libice6_2%3a1.1.1-1_amd64.deb	38185997162793b5dfb768644badc57852879784a2f9d83c6c4e47efa5e36698
libicu76	76.1-4	amd64	libicu76_76.1-4_amd64.deb	c1bf762996de9ecba9b9d871e4928a8090f023a3e9e7fa3240b3d90f892a01dc
libidn2-0	2.3.8-2	amd64	libidn2-0_2.3.8-2_amd64.deb	90b039bcdc4578f8e1c4935adf8dbb525e36a164deefdbbb8c45bac347d48278
libinput-bin	1.28.1-1+deb13u1	amd64	libinput-bin_1.28.1-1+deb13u1_amd64.deb	0ef9fc75d9fb4d8aa478baa3e2165c8f3b5e7310c13d9dddbb18029e6cad9143
libinput10	1.28.1-1+deb13u1	amd64	libinput10_1.28.1-1+deb13u1_amd64.deb	fa967b1a25d8e5c0314459f6abd9e0e7518de7d8e02a8d4e69f51642a88569d4
libjbig0	2.1-6.1+b2	amd64	libjbig0_2.1-6.1+b2_amd64.deb	95cbc44561651e1b3385454df08e8f2efe84498f6963a85259be2cc2fe798709
libjpeg62-turbo	1:2.1.5-4	amd64	libjpeg62-turbo_1%3a2.1.5-4_amd64.deb	5504299ad0e3c0a9ca9f962a68a650a040db52f9f416a109e74df48d55601d3f
libk5crypto3	1.21.3-5+deb13u1	amd64	libk5crypto3_1.21.3-5+deb13u1_amd64.deb	7da07ee674b47f1f0be7cc89317c25310086a1f1761217d0f72e6ae2c5a69b84
libkeyutils1	1.6.3-6	amd64	libkeyutils1_1.6.3-6_amd64.deb	0b11ad17be0300b63ad4eeb4c6450fed24d34b7b740f23e5363dcb29ee6d5eba
libkf6archive-data	6.13.0-2	all	libkf6archive-data_6.13.0-2_all.deb	bb8137252dd138511dd23267c2c6a8a1a305708c37583517d00019e8b44556dd
libkf6archive6	6.13.0-2	amd64	libkf6archive6_6.13.0-2_amd64.deb	2dd95d732b8330546d5fe0287d42ef28d261e94b6c3acce475806a68f7437899
libkf6coreaddons-data	6.13.0-1	all	libkf6coreaddons-data_6.13.0-1_all.deb	8189c6b85caa784fd0fb837b62a9608842f437a7ce79c857f173441aa98ab903
libkf6coreaddons6	6.13.0-1	amd64	libkf6coreaddons6_6.13.0-1_amd64.deb	9b7ba360b69a12db6e67893c90a5ec9111b50c40905ace7891091f87dcf5d48f
libkf6i18n-data	6.13.0-1	all	libkf6i18n-data_6.13.0-1_all.deb	53b96c4d6a9dcfcc1ac73cd46a2a4cad59a53d451760821440b0964fce764a23
libkf6i18n6	6.13.0-1	amd64	libkf6i18n6_6.13.0-1_amd64.deb	190f0b8cfeaf058751064a806befe64883d62fbf7c11927fc55c3bd6c60f7517
libkf6package-data	6.13.0-1	all	libkf6package-data_6.13.0-1_all.deb	e375dbd5762b8ac1d1675547e56af41f69c12100b290e658c2fe586f3a76bcf9
libkf6package6	6.13.0-1	amd64	libkf6package6_6.13.0-1_amd64.deb	a9205fd579cf65fa6ff3bd62b418e7c92562782a64d63a33d271e0b8d96ffb9b
libkrb5-3	1.21.3-5+deb13u1	amd64	libkrb5-3_1.21.3-5+deb13u1_amd64.deb	47d71d6a7f2e59b9bae5f89602397594805113b95889ad18fa703cd53abafc97
libkrb5support0	1.21.3-5+deb13u1	amd64	libkrb5support0_1.21.3-5+deb13u1_amd64.deb	3a0acd8b37955c0e102c756b52c97df2a31f67b96453c35dab70df218d309117
liblastlog2-2	2.41.5-0+deb13u1	amd64	liblastlog2-2_2.41.5-0+deb13u1_amd64.deb	abb76aecbf51479e6e193873dfddaa1b88667dc0b1db82a11286a67550ba1557
liblayershellqtinterface6	6.3.4-1	amd64	liblayershellqtinterface6_6.3.4-1_amd64.deb	b9dcb58b0732c315cfd44167fe421d79fd7283ecdf5a3b9bc9e9a997fb50dd15
liblcms2-2	2.16-2+deb13u2	amd64	liblcms2-2_2.16-2+deb13u2_amd64.deb	32e53c2002ccea8c60c02779bea0ba49ac132fef702988a30d64af79b6617806
libldap-common	2.6.10+dfsg-1	all	libldap-common_2.6.10+dfsg-1_all.deb	e45285afc6c45ee9274dd848baf1823d0cf6bb8f1fc769ea96f4de180a264de1
libldap2	2.6.10+dfsg-1	amd64	libldap2_2.6.10+dfsg-1_amd64.deb	60069e4a550ca890113fa89d3001417781b18e146ec5d637d31e368dec9909bd
liblerc4	4.0.0+ds-5	amd64	liblerc4_4.0.0+ds-5_amd64.deb	2e0c13c0ddbde12968c2c713c2e0474a5b78e90d5216031256a725e8c76aa31c
libllvm19	1:19.1.7-3+b1	amd64	libllvm19_1%3a19.1.7-3+b1_amd64.deb	db0d614d61345ca710fb73e75105f1ec6e38898fa7b3aa99fa7eb7d8b0a11d57
liblz4-1	1.10.0-4	amd64	liblz4-1_1.10.0-4_amd64.deb	c31ec4c7c82755a38b2f3fe066fc0c5518cc91a601a268fbcd19bdacb1f22e1e
liblzma5	5.8.1-1+deb13u1	amd64	liblzma5_5.8.1-1+deb13u1_amd64.deb	1cfcc6e0dc36f438a79b6e2189facdb9d150b08f57d190a60e01c98075c7f896
libmd0	1.1.0-2+b1	amd64	libmd0_1.1.0-2+b1_amd64.deb	7244ec3839b61fac0c1884fe08aaa040f26e8f1f35f1f5d3482eacefd30d1b44
libmd4c0	0.5.2-2+b1	amd64	libmd4c0_0.5.2-2+b1_amd64.deb	0bd88d7ce2bda0626836267c02beb1ddf89e99eae26bd5c717ce5601faa075a9
libmng1	1.0.10+dfsg-3.1+b6	amd64	libmng1_1.0.10+dfsg-3.1+b6_amd64.deb	c04e5f931273492201c2f7e0dc6a1b2b777bdb73793fa7571b42f82762cd65f6
libmount1	2.41.5-0+deb13u1	amd64	libmount1_2.41.5-0+deb13u1_amd64.deb	6d00f45f2e80e078e906e3eedecd3ba6913e39fef49bff361ee583f17f00ec05
libmtdev1t64	1.1.7-1	amd64	libmtdev1t64_1.1.7-1_amd64.deb	736089af4684b6fe2fc824cb118c82a9722d6a31ad45f845998debe37714cbe5
libncursesw6	6.5+20250216-2	amd64	libncursesw6_6.5+20250216-2_amd64.deb	47baa2e11579583654583a066b69bd5a5d2f22423081f707ed6c0c3ba6d538b7
libnettle8t64	3.10.1-1	amd64	libnettle8t64_3.10.1-1_amd64.deb	1b03d4a9cd9c8143ba50fe6396f36937e901a317d492d179f4596862c1731cfe
libnghttp2-14	1.64.0-1.1+deb13u1	amd64	libnghttp2-14_1.64.0-1.1+deb13u1_amd64.deb	896cb217537c09251fb909b8541349010ac279d802d871e98c06a62a2c67ce2c
libnghttp3-9	1.8.0-1	amd64	libnghttp3-9_1.8.0-1_amd64.deb	388e4c33b72829cbf0d098afdc8539fa5ba7458eddb077f5538fdb4d5538716b
libngtcp2-16	1.11.0-1+deb13u1	amd64	libngtcp2-16_1.11.0-1+deb13u1_amd64.deb	627eec81ebbd48c4e6091f5cd9dc5070b792b7075000eed60ab08c7daa961caf
libngtcp2-crypto-gnutls8	1.11.0-1+deb13u1	amd64	libngtcp2-crypto-gnutls8_1.11.0-1+deb13u1_amd64.deb	2a7f109c0c4db6a800e4661c5e5e34e1f1f83c8162482276183d1ada9da7c96c
libnotify-bin	0.8.6-1	amd64	libnotify-bin_0.8.6-1_amd64.deb	53224b8df8e3e3bb4dcb60e8bd28e0cb340d459253fe15e01e86d03f8941015d
libnotify4	0.8.6-1	amd64	libnotify4_0.8.6-1_amd64.deb	6f2beb5a20e948247c0c62aba87a7a2cece07c10e09978d1039b3cad2fa16951
libopengl0	1.7.0-1+b2	amd64	libopengl0_1.7.0-1+b2_amd64.deb	50ea65a1141cbf6b02e41492963656ad0ba71d257cc4066ee9756bca7a6c1ac3
libp11-kit0	0.25.5-3	amd64	libp11-kit0_0.25.5-3_amd64.deb	784bf2063e166c8bc851a32623b74ebd85c499043a9d57c5bbd64fa63447f45a
libpam-modules-bin	1.7.0-5	amd64	libpam-modules-bin_1.7.0-5_amd64.deb	cc72066d008444317738e8e931d6131b301466b4e2dd5ef5baa75fb1a45d61a7
libpam-modules	1.7.0-5	amd64	libpam-modules_1.7.0-5_amd64.deb	9679ade117f8775ac0471f48a92652ab8e8dcda4e2ff06de75158cded9cfd83c
libpam-runtime	1.7.0-5	all	libpam-runtime_1.7.0-5_all.deb	b02792c9ed6174db695a653b95ef3629fdac3a73ba1eff1754ab161b5711bfbf
libpam-systemd	257.13-1~deb13u1	amd64	libpam-systemd_257.13-1~deb13u1_amd64.deb	fcf4ee7d09e14ac9e52d8a9adb8f609ba06cc6a3ecbccc205e2c9a1ba1c39d16
libpam0g	1.7.0-5	amd64	libpam0g_1.7.0-5_amd64.deb	4f5bde27d8df2de6ea8990319b42d9974f56a3ba9907ce7296fd0f8964fc9fb1
libpciaccess0	0.17-3+b3	amd64	libpciaccess0_0.17-3+b3_amd64.deb	d9a0091071635a84e837051e4813005ac445071731becea28fba4d9806df5252
libpcre2-16-0	10.46-1~deb13u2	amd64	libpcre2-16-0_10.46-1~deb13u2_amd64.deb	0343948654468fc4b273077c464cb77afeee29fc493c0d4c9d81cd19d5bc4e23
libpcre2-8-0	10.46-1~deb13u2	amd64	libpcre2-8-0_10.46-1~deb13u2_amd64.deb	1252b96a5bc44bb5db982bef8eb18e54f5047cede2aff641bce4f8e1edb91c3e
libperl5.40	5.40.1-6+deb13u1	amd64	libperl5.40_5.40.1-6+deb13u1_amd64.deb	e44777ff47ad248d1debd57e1f96ab5e89061a341008ae39880ba3b5fc15f273
libpng16-16t64	1.6.48-1+deb13u5	amd64	libpng16-16t64_1.6.48-1+deb13u5_amd64.deb	2465b4e9fa85cff54dc10a6da3e64074d8d9292c86e4a8f989b809d6b158e97e
libpolkit-agent-1-0	126-2	amd64	libpolkit-agent-1-0_126-2_amd64.deb	51e009b34beaf895f87c22a1579f4a46157381342af8f5f5090944d8de0026b5
libpolkit-gobject-1-0	126-2	amd64	libpolkit-gobject-1-0_126-2_amd64.deb	7f8dd1d863614ab3842906985355c74a7738437c723b7b3736e8db33c3586702
libpolkit-qt6-1-1	0.200.0-4+b1	amd64	libpolkit-qt6-1-1_0.200.0-4+b1_amd64.deb	feadf0baa83f652c0590a9d42c131b6ea3e300d206a10a27e0d9a64c569ae8b3
libproc2-0	2:4.0.4-9	amd64	libproc2-0_2%3a4.0.4-9_amd64.deb	c9d61caab1b2ddfc3f17edb95be31b9809fcb2daf27d853dff615bc4ebd08b4b
libproxy1v5	0.5.9-1	amd64	libproxy1v5_0.5.9-1_amd64.deb	794a8526989464cb17f1dec9dab921f0e5afb82bcc665e938fac925be47698eb
libpsl5t64	0.21.2-1.1+b1	amd64	libpsl5t64_0.21.2-1.1+b1_amd64.deb	59d42bb1f9ebc0d1776fe616efb08a7a8568b05982e00f70b03c63863db768ab
libqt6core6t64	6.8.2+dfsg-9+deb13u2	amd64	libqt6core6t64_6.8.2+dfsg-9+deb13u2_amd64.deb	c7691937813e6cdf712aa98013bcac9d414f6fdeaea041ff53de5f8ae9b58e10
libqt6dbus6	6.8.2+dfsg-9+deb13u2	amd64	libqt6dbus6_6.8.2+dfsg-9+deb13u2_amd64.deb	ea2b6563e4e3f6c8c2838453cb2e0e70933e5e08fde6b8dc5ca7cefad9c80764
libqt6gui6	6.8.2+dfsg-9+deb13u2	amd64	libqt6gui6_6.8.2+dfsg-9+deb13u2_amd64.deb	a39717b874f7b71c69f27199299dc09d5f47b809af3064cf067e5e443b5d011b
libqt6network6	6.8.2+dfsg-9+deb13u2	amd64	libqt6network6_6.8.2+dfsg-9+deb13u2_amd64.deb	394b3645254a9c2a4a24957d5cf32e3e6aab66c15a6f2cc9aa2298622bbd2f61
libqt6opengl6	6.8.2+dfsg-9+deb13u2	amd64	libqt6opengl6_6.8.2+dfsg-9+deb13u2_amd64.deb	0b1fb1147dd6f0af541d541cc2fcc1168214b0973fd63941bf3338f208f9214d
libqt6qml6	6.8.2+dfsg-7	amd64	libqt6qml6_6.8.2+dfsg-7_amd64.deb	eb6b7563d9718b8e51187dfa89d2ce291aa77fb209762e43488b8415a832e54f
libqt6qmlmeta6	6.8.2+dfsg-7	amd64	libqt6qmlmeta6_6.8.2+dfsg-7_amd64.deb	913e34e3fdbde1b1774c68c858be62fc3065ff4914fb3e1c3eb144be8f199e3f
libqt6qmlmodels6	6.8.2+dfsg-7	amd64	libqt6qmlmodels6_6.8.2+dfsg-7_amd64.deb	1531ec2f4459760b73a6b137fc6e64e933f1160a2976ccc9d6bd84bb598370d0
libqt6qmlworkerscript6	6.8.2+dfsg-7	amd64	libqt6qmlworkerscript6_6.8.2+dfsg-7_amd64.deb	f9a83618fbb64ddeb996d91500cd025e03cc1345893d3134ff8d2b96eb244b36
libqt6quick6	6.8.2+dfsg-7	amd64	libqt6quick6_6.8.2+dfsg-7_amd64.deb	a8be231bf934418bfd608ca26843e352d3f989cf4c169efd9fb0a27b0a6026e2
libqt6quickcontrols2-6	6.8.2+dfsg-7	amd64	libqt6quickcontrols2-6_6.8.2+dfsg-7_amd64.deb	7b45104aa7b8a25072d1ec8496eb27546b98877b9b90d7d64f57ac39a4a01751
libqt6quickshapes6	6.8.2+dfsg-7	amd64	libqt6quickshapes6_6.8.2+dfsg-7_amd64.deb	0040813d70aa86d0f2fccf44053ee108a694b23d6008d53660e14f30b9f65c64
libqt6quicktemplates2-6	6.8.2+dfsg-7	amd64	libqt6quicktemplates2-6_6.8.2+dfsg-7_amd64.deb	ae9a22a36d8183946a920990df4b9775e9f1fe51c0fc07a7f8a490642725dc12
libqt6svg6	6.8.2-3	amd64	libqt6svg6_6.8.2-3_amd64.deb	4fc94aee5785437477f0aa379e90e1a87eb994da6029eb55f968e34094e389ac
libqt6waylandclient6	6.8.2-4	amd64	libqt6waylandclient6_6.8.2-4_amd64.deb	5b78f1caf65532ce52c6d4c51e043a223390cfe6376c1b9af1a5fd99ea1e7a9d
libqt6waylandcompositor6	6.8.2-4	amd64	libqt6waylandcompositor6_6.8.2-4_amd64.deb	80060abee6eaf6e2a918fbb01e70a0e56950e7526e68d0cf5ce9677ec45ae535
libqt6widgets6	6.8.2+dfsg-9+deb13u2	amd64	libqt6widgets6_6.8.2+dfsg-9+deb13u2_amd64.deb	f61ccd0c809a665a6061c6a28d265965e8712e616599a81e50699ff8394afeea
libqt6wlshellintegration6	6.8.2-4	amd64	libqt6wlshellintegration6_6.8.2-4_amd64.deb	f891a8e28de7efc4ca3443decb5d87ba16156db061c4a1f1c1fd9cc519f72aa8
librtmp1	2.4+20151223.gitfa8646d.1-2+b5	amd64	librtmp1_2.4+20151223.gitfa8646d.1-2+b5_amd64.deb	93baa2004cbe6c8721b9e81beed078612540aef120970b4751305c51c6697368
libsasl2-2	2.1.28+dfsg1-9	amd64	libsasl2-2_2.1.28+dfsg1-9_amd64.deb	66e49d7ae026811b49a0050f18b0325960a2625ffd1ff60d91b7844a815fa9d2
libsasl2-modules-db	2.1.28+dfsg1-9	amd64	libsasl2-modules-db_2.1.28+dfsg1-9_amd64.deb	a5c38659fbd62c33c6d9bfa2be43e75a572d1818531aad32dd74d0a58cc4bd19
libseccomp2	2.6.0-2	amd64	libseccomp2_2.6.0-2_amd64.deb	89d5138e05fb6a86b9afd8b54dc0fb4b14f4c27c05e6c5f767c2132bdf808531
libselinux1	3.8.1-1	amd64	libselinux1_3.8.1-1_amd64.deb	68bb8d32bd8d6d7d2f5952a169db03d1484b46ae1e52abccdec42a19dccea5d5
libsemanage-common	3.8.1-1	all	libsemanage-common_3.8.1-1_all.deb	65375d886749c236bd1da4d9990b7c2469d2fe66019a28e5614f6814376d3dcb
libsemanage2	3.8.1-1	amd64	libsemanage2_3.8.1-1_amd64.deb	f97da7505d17ad3bdd8fc56302256df7e158e5e0d8b02cb766654199cbc406a9
libsensors-config	1:3.6.2-2	all	libsensors-config_1%3a3.6.2-2_all.deb	3056da80c7d963af795dab480ab6f6f4b154ad4ac39f522dc52d17c834fea253
libsensors5	1:3.6.2-2	amd64	libsensors5_1%3a3.6.2-2_amd64.deb	f0a994a6d7cfa695dea5343d0d1ba7eed796c0ad920c7282998b95f60049c4f6
libsepol2	3.8.1-1	amd64	libsepol2_3.8.1-1_amd64.deb	3595d2d3a6d24695e7953f4f00cdfe6974c9242d9a8dfee8998e77fbf7b2ba09
libsharpyuv0	1.5.0-0.1	amd64	libsharpyuv0_1.5.0-0.1_amd64.deb	51934833d909588f7761fd84362114e90d8d2d38af57edf5df5c4a705e037547
libsm6	2:1.2.6-1	amd64	libsm6_2%3a1.2.6-1_amd64.deb	03038b3002e6f44322554e335d60d8ff87acfcf2e21c904b6866610a9913ee00
libsmartcols1	2.41.5-0+deb13u1	amd64	libsmartcols1_2.41.5-0+deb13u1_amd64.deb	d96bac9c8805685f2734885098a214b82950da6ebb182c27a6b7a124a0323392
libsqlite3-0	3.46.1-7+deb13u2	amd64	libsqlite3-0_3.46.1-7+deb13u2_amd64.deb	0a459adaffd901109f7811ab65f58e7a957b4907d05539cf3d1184efdcde0468
libssh2-1t64	1.11.1-1+deb13u2	amd64	libssh2-1t64_1.11.1-1+deb13u2_amd64.deb	dbb1024c192d4d292b7cfa902b96076cfe81b56a5eed4fb28da36e8bf543e49a
libssl3t64	3.5.7-1~deb13u2	amd64	libssl3t64_3.5.7-1~deb13u2_amd64.deb	916f7f40b34a06e6ebfaefcdab331bff458328411da672598f126a760472467d
libstdc++6	14.2.0-19	amd64	libstdc++6_14.2.0-19_amd64.deb	ab1fa05837aa7a92aae748fd07a18a35f7d18bb4a71c4724fe2bbf0e32089de0
libsystemd-shared	257.13-1~deb13u1	amd64	libsystemd-shared_257.13-1~deb13u1_amd64.deb	2d349824e57f88507e2a33360610d8afc143a4ad5e80ee4bf8f37b826d6f37f9
libsystemd0	257.13-1~deb13u1	amd64	libsystemd0_257.13-1~deb13u1_amd64.deb	ab0d4127b5e46e6f8c015a1db15a62ba9ae274cdefa150083adf90ada0600ea1
libtasn1-6	4.20.0-2+deb13u1	amd64	libtasn1-6_4.20.0-2+deb13u1_amd64.deb	23fec6e06583ce2bad9b2c04c9b485e90440e259b1abf8677cd80d3ce60831ad
libtiff6	4.7.0-3+deb13u3	amd64	libtiff6_4.7.0-3+deb13u3_amd64.deb	6bb2038f36817ae1ee6d33df03917b21835dcc2e0f3e3e80a71390e83c171173
libtinfo6	6.5+20250216-2	amd64	libtinfo6_6.5+20250216-2_amd64.deb	8b9f6a7983e9418564e48a627518de4c03917b56efe68d7f3e93bd8fffa1cc10
libts0t64	1.22-1.1+b1	amd64	libts0t64_1.22-1.1+b1_amd64.deb	38660b112e09465a0932df975a414b5b8d6e9401657e433829e8334e7f215d6e
libudev1	257.13-1~deb13u1	amd64	libudev1_257.13-1~deb13u1_amd64.deb	5d41c284f5a93b05bc7d648b61a02dd2bb9ff05b2261ad1a8b7d96044a0cfa88
libunistring5	1.3-2	amd64	libunistring5_1.3-2_amd64.deb	6dd3490bef06ea1096f32d10766b7e016cf579bfae8451d1b7df15ce05b8aa46
libuuid1	2.41.5-0+deb13u1	amd64	libuuid1_2.41.5-0+deb13u1_amd64.deb	c1bf4c4c3ff48c57fabf93307dfb56996b60cfa33927afc4158b5db36fb2721e
libvulkan1	1.4.309.0-1	amd64	libvulkan1_1.4.309.0-1_amd64.deb	f47da79cd140264fe21cceb08bc87a71bc7fec05819e4a421f3f518d21101a37
libwacom-common	2.14.0-1	all	libwacom-common_2.14.0-1_all.deb	214956bd9b26600c4d5ac0d60c1685be6ef650644e36b712620c56fccd4d4f58
libwacom9	2.14.0-1	amd64	libwacom9_2.14.0-1_amd64.deb	884cb03fe12ffb871f9a199c13d1a455c5abb30b4619c58babb3940755b7b3c8
libwayland-client0	1.23.1-3	amd64	libwayland-client0_1.23.1-3_amd64.deb	d1607e1db1a7c5378a2e5c6ae7b20f64dc6acf134f953d84a7f5204b74339f33
libwayland-cursor0	1.23.1-3	amd64	libwayland-cursor0_1.23.1-3_amd64.deb	26fccae2b1228744de0cad6c688550b8d13cd4e8d4ccf0cfdae015634ece673f
libwayland-egl1	1.23.1-3	amd64	libwayland-egl1_1.23.1-3_amd64.deb	7c5c3429028b39b9432792db08cb218c43891df439ebc648b83ebee676a80ec5
libwayland-server0	1.23.1-3	amd64	libwayland-server0_1.23.1-3_amd64.deb	2967212bd582e0dffca443fdc44f4c660e7368d41f7ee3a7f6314e0c3abfe9ea
libwebp7	1.5.0-0.1	amd64	libwebp7_1.5.0-0.1_amd64.deb	c749744b04abdd1426b0c7718e516362c03a557c5151662092d6d4f2cef6e7c1
libwebpdemux2	1.5.0-0.1	amd64	libwebpdemux2_1.5.0-0.1_amd64.deb	b6e4aba184b2c3f7ce88b3e49557fe0c38c909df54528ebe5e167ad651f0f593
libwebpmux3	1.5.0-0.1	amd64	libwebpmux3_1.5.0-0.1_amd64.deb	8bc86d509406ad496b6414c7068b3dadc0f8c502027973cbf1765c7bb54fabdf
libx11-6	2:1.8.12-1	amd64	libx11-6_2%3a1.8.12-1_amd64.deb	b5a3fd3bf8c8fd0364bfb9bea00dcba7fc301229bd02dded084632d31f5b0fb3
libx11-data	2:1.8.12-1	all	libx11-data_2%3a1.8.12-1_all.deb	c54f87069888f80ba4da586da6147d74c7598ccdd8b90906dbc4271fa414c738
libx11-xcb1	2:1.8.12-1	amd64	libx11-xcb1_2%3a1.8.12-1_amd64.deb	e05f94d21a932fba5b09b9b13d99df776b155d3bc792c0e294451df9ffe1ba25
libxau6	1:1.0.11-1	amd64	libxau6_1%3a1.0.11-1_amd64.deb	689a9f0e0ba3e2c65431f864871e303ee904de69dd28abfc462663fae030227f
libxcb-cursor0	0.1.5-1	amd64	libxcb-cursor0_0.1.5-1_amd64.deb	e0c77e6e96843581ff2668dc9a10f676be0e78209ef198e98646184858efe164
libxcb-dri3-0	1.17.0-2+b1	amd64	libxcb-dri3-0_1.17.0-2+b1_amd64.deb	f446d42fb5fcebbb3e347368ba83616769fdb271d85b2f49048e337f3163d267
libxcb-glx0	1.17.0-2+b1	amd64	libxcb-glx0_1.17.0-2+b1_amd64.deb	cc59a3fa1c4ce376c3a32798179950810bd7b9be9a35bc76de1f5b5e7cc3925e
libxcb-icccm4	0.4.2-1	amd64	libxcb-icccm4_0.4.2-1_amd64.deb	28f04c7fa76939bbc03fbaa1191dc58200c0c894d48ac6105a7039ba4d223b4a
libxcb-image0	0.4.0-2+b2	amd64	libxcb-image0_0.4.0-2+b2_amd64.deb	81e2654e1b1da5cff9ea2bf46970a46eb5c81f1e35b1356691705e8cd6ab3ed6
libxcb-keysyms1	0.4.1-1	amd64	libxcb-keysyms1_0.4.1-1_amd64.deb	6989138382e5b9966aa731db68f851858c1d40cf8c98d7e5d7952c9e5a09d710
libxcb-present0	1.17.0-2+b1	amd64	libxcb-present0_1.17.0-2+b1_amd64.deb	db95ea4630c55bd7f3281cb60ccf75b1627ef2f4399e1939f8f6161e584a92fb
libxcb-randr0	1.17.0-2+b1	amd64	libxcb-randr0_1.17.0-2+b1_amd64.deb	f5d9fe5fdf797918f81f0abf6cfd4270bd54659540cddb4da709ab7154523214
libxcb-render-util0	0.3.10-1	amd64	libxcb-render-util0_0.3.10-1_amd64.deb	9bdd6247e45cea5047e4da883dabf168366474fb1b00a37bb194359ca1f975ab
libxcb-render0	1.17.0-2+b1	amd64	libxcb-render0_1.17.0-2+b1_amd64.deb	7f6e36978e0f70a590fbad4042a692c70b50ca7cbcdc53fa7e9d9ab87933acc6
libxcb-shape0	1.17.0-2+b1	amd64	libxcb-shape0_1.17.0-2+b1_amd64.deb	eb94a643d66714929053e78ff8f38a90ce8af4ed854e3cbca0b14f8bbccc7bfc
libxcb-shm0	1.17.0-2+b1	amd64	libxcb-shm0_1.17.0-2+b1_amd64.deb	d1777a813f484e89f3dcaadd1d5f2b1a13e9313b6bf70eded16d8ce743208fef
libxcb-sync1	1.17.0-2+b1	amd64	libxcb-sync1_1.17.0-2+b1_amd64.deb	0ce4770ed1505be9ddc6473045e4662d062aff2f3077ee684265f01cfb543559
libxcb-util1	0.4.1-1	amd64	libxcb-util1_0.4.1-1_amd64.deb	c242371fdfc806aa5599290150c6008a723c9b0fdb34ac6688f1a4083682172a
libxcb-xfixes0	1.17.0-2+b1	amd64	libxcb-xfixes0_1.17.0-2+b1_amd64.deb	f9c1aafc18bf9e4662e34bbaf3bb00f1f4e8c2fc1dd786fdfb6cb9cb6c64fae7
libxcb-xinput0	1.17.0-2+b1	amd64	libxcb-xinput0_1.17.0-2+b1_amd64.deb	10f588b006a5a1a527c9971f4e9712d9aac12b98acd5d65c3f7b53a10ac36198
libxcb-xkb1	1.17.0-2+b1	amd64	libxcb-xkb1_1.17.0-2+b1_amd64.deb	a46b8d860fbff32c8021dac6036d83859c24ad8700cd1b977cda116d37a2dd35
libxcb1	1.17.0-2+b1	amd64	libxcb1_1.17.0-2+b1_amd64.deb	5c222a72d11b866447da31693254f738430726e3e065a384e82687b2fd2f978b
libxdmcp6	1:1.1.5-1	amd64	libxdmcp6_1%3a1.1.5-1_amd64.deb	0740dc760916b2008b45417a42a8fd7dd5de370fb57d31373f15034cda8acf0b
libxext6	2:1.3.4-1+b3	amd64	libxext6_2%3a1.3.4-1+b3_amd64.deb	fc618ec40465e5ce48622606299cb47833efc3fb235ba15543b81f850722f443
libxkbcommon-x11-0	1.7.0-2	amd64	libxkbcommon-x11-0_1.7.0-2_amd64.deb	b5cff6287d0d90b66224edfb7208709c5d35511215d87d2836919e4f7d367653
libxkbcommon0	1.7.0-2	amd64	libxkbcommon0_1.7.0-2_amd64.deb	f75ee544f55acc6a271debfab3ea4ae0458afc89d81cfe1a71137e07d4895b86
libxml2	2.12.7+dfsg+really2.9.14-2.1+deb13u3	amd64	libxml2_2.12.7+dfsg+really2.9.14-2.1+deb13u3_amd64.deb	e0c6b63ce4602a036a526f60fe5e6c1586710688058d98fc1001b9b3147b7efd
libxshmfence1	1.3.3-1	amd64	libxshmfence1_1.3.3-1_amd64.deb	7b339e9e5b2349723d35af4df89bcc7aa456bbdf8ba1754358f9b44c3fe1f964
libxxf86vm1	1:1.1.4-1+b4	amd64	libxxf86vm1_1%3a1.1.4-1+b4_amd64.deb	f9f8487e536293e7ecf91fe7feb14e97e02a3aa652e207c661442dce775d3b14
libxxhash0	0.8.3-2	amd64	libxxhash0_0.8.3-2_amd64.deb	81da7064d56fc044f5db4bb3c1e80ff50a4986dcbbf80d958eeca565b44c157f
libz3-4	4.13.3-1	amd64	libz3-4_4.13.3-1_amd64.deb	71383373523ef62d47eccf660cf6535c3febcbb3f88e54cb7a43124014b57359
libzstd1	1.5.7+dfsg-1	amd64	libzstd1_1.5.7+dfsg-1_amd64.deb	2f6a2aeacfc925eba8b00ac9139bc4bfccf8cacb09eb93de067074b26948eef9
login.defs	1:4.17.4-2	all	login.defs_1%3a4.17.4-2_all.deb	b4bbb8242cbf5588de7aafeb9d578a3dee1db2891f444ab454fd30bd80ccf2b4
mawk	1.3.4.20250131-1	amd64	mawk_1.3.4.20250131-1_amd64.deb	ade14470c4dff8921bca6ca8b1ea20eadc0f2178b48caff3c74534b17a633292
mesa-libgallium	25.0.7-2+deb13u1	amd64	mesa-libgallium_25.0.7-2+deb13u1_amd64.deb	3e610f29321cdcc61337c86e6b4031ff60f0c9915fe19e6a862ac06480620ff4
mount	2.41.5-0+deb13u1	amd64	mount_2.41.5-0+deb13u1_amd64.deb	eb70a615114ac40123768beb20e302554d5cb7edb33290be7e418ebe1075c878
openssl-provider-legacy	3.5.7-1~deb13u2	amd64	openssl-provider-legacy_3.5.7-1~deb13u2_amd64.deb	f155c8191ae6d41da73d792f4182680aeafeb85c3dd223934ee9fdd115c4f1fa
openssl	3.5.7-1~deb13u2	amd64	openssl_3.5.7-1~deb13u2_amd64.deb	4ff006f431d8c2e69fa736885a3b6e779f2448535f69dbde821d9f0ff87ad8ea
passwd	1:4.17.4-2	amd64	passwd_1%3a4.17.4-2_amd64.deb	c5eaef41c6947d2888fa3462f787a7e02158b997bd0119154283f425ba57b8b8
perl-base	5.40.1-6+deb13u1	amd64	perl-base_5.40.1-6+deb13u1_amd64.deb	b795464137a0f4d443fc9284f4b93e883fb83883cb533adf300ac660807a352a
perl-modules-5.40	5.40.1-6+deb13u1	all	perl-modules-5.40_5.40.1-6+deb13u1_all.deb	4c46cdd8f3135aa1c95f07e817f8e5d9be590687441ac1c27e3a8c49400f35ce
perl	5.40.1-6+deb13u1	amd64	perl_5.40.1-6+deb13u1_amd64.deb	ef145c247787d6f40dcdefd5b417502484827cde0d555998c17fd5b27ec1e1dd
procps	2:4.0.4-9	amd64	procps_2%3a4.0.4-9_amd64.deb	4db90bb6776772fc52585d6b1fbfc52ec2a85480e1b4363b743fbb2ffa2a5375
qml6-module-qt-labs-qmlmodels	6.8.2+dfsg-7	amd64	qml6-module-qt-labs-qmlmodels_6.8.2+dfsg-7_amd64.deb	3cedee6b9cc014443a2526326177fcceefd6033db4743f32a629d82342795f32
qml6-module-qtqml-models	6.8.2+dfsg-7	amd64	qml6-module-qtqml-models_6.8.2+dfsg-7_amd64.deb	1e8fa7f5f97804ec60e2e56c62b016eafffccc18cc8595b91e78c9f3bdfd6e2b
qml6-module-qtqml-workerscript	6.8.2+dfsg-7	amd64	qml6-module-qtqml-workerscript_6.8.2+dfsg-7_amd64.deb	b823947c35ed7b722cd31cb6020cae7d05b4e97fd33be57848affb4907b4bfe9
qml6-module-qtqml	6.8.2+dfsg-7	amd64	qml6-module-qtqml_6.8.2+dfsg-7_amd64.deb	d46a9a1f9ed30cd859133d1c43663af96018ea38b3a29aa050d42274ceb83eae
qml6-module-qtquick-controls	6.8.2+dfsg-7	amd64	qml6-module-qtquick-controls_6.8.2+dfsg-7_amd64.deb	e6a2cb6f3354f5442f318cdc5821ac3ac3a529be23a74e072bdfd1ee45fdafe4
qml6-module-qtquick-effects	6.8.2+dfsg-7	amd64	qml6-module-qtquick-effects_6.8.2+dfsg-7_amd64.deb	e17312e61729393115ad4de4c8520233e3c1c841fc9e3ade6bd7e517ef5bfcd6
qml6-module-qtquick-layouts	6.8.2+dfsg-7	amd64	qml6-module-qtquick-layouts_6.8.2+dfsg-7_amd64.deb	9e6e04deb39c379886586ffd02d442627f9743e619b453501d29f69fda3c59a6
qml6-module-qtquick-shapes	6.8.2+dfsg-7	amd64	qml6-module-qtquick-shapes_6.8.2+dfsg-7_amd64.deb	4561abcc421c36bf850a99e28b2a910e2d92354ef56a50360f9b0b56640a2273
qml6-module-qtquick-templates	6.8.2+dfsg-7	amd64	qml6-module-qtquick-templates_6.8.2+dfsg-7_amd64.deb	93e12d44f28733db6e48df85accd87f1ad968582e3918f63c82290283fce0e66
qml6-module-qtquick-window	6.8.2+dfsg-7	amd64	qml6-module-qtquick-window_6.8.2+dfsg-7_amd64.deb	1dc40b972c99bb09b014b0c39b2253154e82fd1c797ca883c0b7b65b91ad0c44
qml6-module-qtquick	6.8.2+dfsg-7	amd64	qml6-module-qtquick_6.8.2+dfsg-7_amd64.deb	356de12b32ca02f317fa7117a08ca6b6bd78005ff9de3b1c6703dbe8c4e9f24e
qt6-image-formats-plugins	6.8.2-4	amd64	qt6-image-formats-plugins_6.8.2-4_amd64.deb	270c1a510ef442801ea296c3a1317afe6d5163a526158431a96767a52eb78a27
qt6-qpa-plugins	6.8.2+dfsg-9+deb13u2	amd64	qt6-qpa-plugins_6.8.2+dfsg-9+deb13u2_amd64.deb	889a9ad2ab513fe26b317ac22959b1c372e090e79d165858fba4b036b6278f5e
qt6-svg-plugins	6.8.2-3	amd64	qt6-svg-plugins_6.8.2-3_amd64.deb	7c1586a7ee2cd6cad3cbefd79a1429cd6ae16a4583b28b12006fad19285f5313
qt6-translations-l10n	6.8.2-2	all	qt6-translations-l10n_6.8.2-2_all.deb	71bae66d3b96094a6885ff0b95dc400068bb2a33b91a4fa8c3aff7e4e41fd85a
qt6-wayland	6.8.2-4	amd64	qt6-wayland_6.8.2-4_amd64.deb	87b0905041f8f43164f9ff72ca00143a5c12bdcc2f06aacc0f7b178b16fa2c62
sed	4.9-2+deb13u1	amd64	sed_4.9-2+deb13u1_amd64.deb	7071270ed4f6adda55bc4f926347fb847bacaffbdee3dff917bc6006ed7e3775
shared-mime-info	2.4-5+b2	amd64	shared-mime-info_2.4-5+b2_amd64.deb	d7d061df29326b0ca6b273ac9332168659ff1562659f0a33609657a143dd7881
sqv	1.3.0-3+b2	amd64	sqv_1.3.0-3+b2_amd64.deb	97760aa17acceee0cace13d9edbed781d891b43e0dec0d6ddc4bd5e4c3ac65aa
sudo	1.9.16p2-3+deb13u2	amd64	sudo_1.9.16p2-3+deb13u2_amd64.deb	4f926f8f0704575158a90135713977f98f7d50d185969d9a8a405cdce5e3e50c
systemd-sysv	257.13-1~deb13u1	amd64	systemd-sysv_257.13-1~deb13u1_amd64.deb	3bed48042b6e40f8a3c439e79b4a4ed6a12102eb3ab66123dc43aa18f0416729
systemd	257.13-1~deb13u1	amd64	systemd_257.13-1~deb13u1_amd64.deb	ee81302a1d5b7434762b6e784a572854d4b6cf6235e33e2d104ad4e1cae71ab4
sysvinit-utils	3.14-4	amd64	sysvinit-utils_3.14-4_amd64.deb	c7e957360dff89675b491e501b00047cf750695178cabab167c92fc260d358ec
tar	1.35+dfsg-3.1	amd64	tar_1.35+dfsg-3.1_amd64.deb	214c02e1aa291076a3147b8a4c4cae02fadf4c67df629186e3e313726faef1de
util-linux	2.41.5-0+deb13u1	amd64	util-linux_2.41.5-0+deb13u1_amd64.deb	7d5b1176cc3d8cc6b290b3ec17af458f362d9200845f30da22057a8198744430
x11-common	1:7.7+24+deb13u1	all	x11-common_1%3a7.7+24+deb13u1_all.deb	57a981938506b26dc552f19cafeaa8c04e9b59dc7508509151f8507a9d4e5f24
xkb-data	2.42-1	all	xkb-data_2.42-1_all.deb	196ff18533382f64e057ea49df2bb486bd4275a4cc0917361edb560b8756dada
zlib1g	1:1.3.dfsg+really1.3.1-1+b1	amd64	zlib1g_1%3a1.3.dfsg+really1.3.1-1+b1_amd64.deb	015be740d6236ad114582dea500c1d907f29e16d6db00566ca32fb68d71ac90d
